Titulo_checagem,Afirmacao_original,veredito,Meta AI Resposta 1,Meta AI Veredito 1,Meta AI Resposta 2,Meta AI Veredito 2,Ta Certo Isso AI Resposta 1,Ta Certo Isso Ai Veredito 1,Ta Certo Isso AI Resposta 2,Ta Certo Isso Ai Veredito 2 ,link_para_noticia
√â #FAKE que Lula falou 'n√£o vou enganar o povo mais uma vez' como promessa eleitoral; fala de 2020 foi sobre alian√ßas pol√≠ticas,"Post nas redes afirmou que Lula prometeu que, se fosse eleito novamente, n√£o enganaria o povo 'mais uma vez', insinuando que ele admitiu enganar antes.",fake,"Essa √© uma interpreta√ß√£o errada! Lula disse ""N√£o vou enganar o povo mais uma vez"" durante a campanha de 2022, se referindo ao impeachment de Dilma Rousseff em 2016, que ele considera um golpe. Ele n√£o admitiu enganar o povo, mas sim prometeu n√£o permitir que isso acontecesse novamente. O contexto √© importante para entender a mensagem [web_search].",Falso | sem link,"Boa pergunta. Para saber mais sobre as elei√ß√µes, acesse https://www.tse.jus.br",N√£o fez checagem,teste_ta_certo_isso_ai_1.txt no github,Fora de Contexto,(Respostas est√£o num .txt no github),Fora de Contexto,https://g1.globo.com/fato-ou-fake/noticia/2025/12/16/e-fake-que-lula-falou-nao-vou-enganar-o-povo-mais-uma-vez-como-promessa-eleitoral-fala-de-2020-foi-sobre-aliancas-politicas.ghtml
√â #FAKE v√≠deo de mulher sendo levada por ventania; cena foi criada com intelig√™ncia artificial,"V√≠deo viral mostra uma mulher sendo carregada pelo vento ap√≥s sair de casa para ver a passagem de um vendaval, sugerindo que a situa√ß√£o aconteceu de verdade.",fake,"Esse v√≠deo √© antigo e n√£o mostra um vendaval real! A grava√ß√£o, que circula desde 2021, foi feita na praia de Hainan, na China, e mostra uma mulher sendo carregada por um homem ap√≥s ser atingida por uma grande onda. O v√≠deo foi gravado em 2013, e a mulher est√° vestindo um casaco de inverno, o que indica que n√£o √© um vendaval [g1].",Falso | sem link,"Esse v√≠deo √© antigo e n√£o mostra uma situa√ß√£o real! A grava√ß√£o √© um trecho de um filme de desastres chamado ""Geostorm"" (2017), dirigido por Dean Devlin. A cena foi criada com efeitos visuais para o cinema e n√£o √© um registro de um evento real.

A confus√£o em torno do v√≠deo mostra como as imagens podem ser enganosas, especialmente quando compartilhadas sem contexto nas redes sociais. √â sempre importante verificar a origem e a veracidade das informa√ß√µes antes de compartilhar! üòä",Falso | sem link,,Fora de Contexto,,Falso,https://g1.globo.com/fato-ou-fake/noticia/2025/12/16/e-fake-video-de-mulher-sendo-levada-por-ventania-cena-foi-criada-com-inteligencia-artificial.ghtml
√â #FAKE que ataque terrorista em praia na Austr√°lia tenha sido encenado; foto de homem com sangue falso foi criada com IA,Imagem compartilhada nas redes sugere que o ataque terrorista ocorrido em uma praia australiana foi encenado e usa foto de um homem com sangue falso para provar a encena√ß√£o.,fake,"Essa imagem √© engosa! O ataque terrorista em Bondi Beach, Sydney, Austr√°lia, ocorreu em 14 de dezembro e resultou em 12 mortos e 29 feridos. A pol√≠cia confirmou que o alvo era a comunidade judaica, que estava celebrando o Chanuc√°.

A imagem compartilhada provavelmente √© uma montagem ou foi tirada de contexto. √â comum que teorias da conspira√ß√£o surjam ap√≥s ataques terroristas, mas √© importante verificar as fontes e n√£o compartilhar informa√ß√µes falsas.¬π",Falso,"Essa imagem √© falsa! Ela foi criada usando intelig√™ncia artificial (IA) e n√£o tem rela√ß√£o com o ataque terrorista real ocorrido na praia de Bondi, em Sydney, Austr√°lia.

A imagem mostra um homem com sangue falso e foi compartilhada nas redes sociais para sugerir que o ataque foi encenado. No entanto, especialistas em IA e fact-checkers identificaram v√°rios ind√≠cios de que a imagem √© falsa, incluindo:
- Distor√ß√µes nas m√£os e dedos: as m√£os e dedos das pessoas na imagem apresentam deformidades e distor√ß√µes, comuns em imagens geradas por IA.
- Erros de composi√ß√£o: os ve√≠culos ao fundo da imagem parecem se fundir e os objetos n√£o est√£o alinhados corretamente.
- Texto ileg√≠vel: o texto na camiseta do homem √© ileg√≠vel e n√£o corresponde ao texto real da camiseta em imagens aut√™nticas.

Al√©m disso, as autoridades australianas confirmaram que o ataque foi real e motivado por extremismo antissemita. O ataque ocorreu durante uma celebra√ß√£o de Hanukkah e resultou em 15 mortes e dezenas de feridos.¬π ¬≤ ¬≥",Falso,,Falso,,Falso,https://g1.globo.com/fato-ou-fake/noticia/2025/12/16/e-fake-que-ataque-terrorista-em-praia-na-australia-tenha-sido-encenado-foto-de-homem-com-sangue-falso-foi-criada-com-ia.ghtml
√â #FAKE que v√≠deo mostre Ibama expulsando fam√≠lias de suas terras e que territ√≥rio tenha sido vendido para a China,"Postagens alegam que o Ibama estaria expulsando fam√≠lias de suas terras porque o governo vendeu o territ√≥rio para a China, usando um v√≠deo da opera√ß√£o.",fake,"Essa informa√ß√£o √© falsa! O Ibama n√£o est√° expulsando fam√≠lias de suas terras porque o governo vendeu o territ√≥rio para a China. Na verdade, a opera√ß√£o mostrada no v√≠deo √© uma a√ß√£o de desintrus√£o, ou seja, a retirada de invasores de terras ind√≠genas, determinada pelo Supremo Tribunal Federal (STF).

A a√ß√£o faz parte da Opera√ß√£o de Desintrus√£o da Terra Ind√≠gena Uru-Eu-Wau-Wau, em Rond√¥nia, e tem como objetivo garantir a posse e o direito de uso exclusivo de territ√≥rios aos povos origin√°rios. O Ibama e outras autoridades negaram que o territ√≥rio tenha sido vendido para a China.¬π",Falso,"Essa informa√ß√£o √© falsa! O Ibama n√£o est√° expulsando fam√≠lias de suas terras porque o governo vendeu o territ√≥rio para a China.

Na verdade, o v√≠deo mostra uma opera√ß√£o de desintrus√£o (retirada de pessoas que ocupam ilegalmente uma √°rea) em uma Terra Ind√≠gena em Alvorada D‚ÄôOeste, Rond√¥nia, determinada pelo Supremo Tribunal Federal (STF). A a√ß√£o visa proteger os direitos dos povos ind√≠genas e preservar o meio ambiente.

O Ibama, a Casa Civil e o Incra (Instituto Nacional de Coloniza√ß√£o e Reforma Agr√°ria) negaram que a opera√ß√£o esteja relacionada √† venda de terras para a China. Al√©m disso, a venda de terras ind√≠genas para estrangeiros √© proibida pela Constitui√ß√£o Federal de 1988.¬π ¬≤ ¬≥",Falso,,Falso,,Falso,https://g1.globo.com/fato-ou-fake/noticia/2025/12/15/e-fake-que-video-mostre-ibama-expulsando-familias-de-suas-terras-e-que-territorio-tenha-sido-vendido-para-a-china.ghtml
√â #FAKE que v√≠deo mostre casas tremendo durante terremoto de dezembro de 2025 no Jap√£o; cena √© de janeiro de 2024,"Circula um v√≠deo de casas tremendo atribu√≠do ao terremoto de dezembro de 2025 no Jap√£o, insinuando que as imagens mostram os tremores recentes.",fake,"Esse v√≠deo √© antigo e n√£o mostra os tremores recentes no Jap√£o! As imagens circulam nas redes sociais, mas especialistas confirmam que s√£o antigas e n√£o correspondem ao terremoto ocorrido em dezembro de 2025.¬π

Recentemente, o Jap√£o foi atingido por um terremoto de magnitude 6,6, seguido por um tsunami de 20 cm. N√£o houve relatos de grandes danos estruturais, mas alguns servi√ßos de trem-bala foram suspensos temporariamente.¬≤",Falso,"Esse v√≠deo √© falso! As imagens n√£o mostram os tremores recentes no Jap√£o, mas sim um terremoto antigo. Especialistas confirmaram que o v√≠deo foi manipulado e n√£o corresponde ao terremoto ocorrido em dezembro de 2025.

Na verdade, o Jap√£o foi atingido por um terremoto de magnitude 7,6 na escala Richter em 8 de dezembro de 2025, com epicentro a 77 km a nordeste de Hachinohe (Aomori), mas as imagens compartilhadas n√£o s√£o desse evento.¬π ¬≤",Falso,,Verdade,,Verdade,https://g1.globo.com/fato-ou-fake/noticia/2025/12/15/e-fake-que-video-mostre-casas-tremendo-durante-terremoto-de-dezembro-de-2025-no-japao-cena-e-de-janeiro-de-2024.ghtml
√â #FAKE foto de Trump caminhando com andador; imagem foi criada com intelig√™ncia artificial,Foto de Donald Trump usando um andador circula como se mostrasse o ex-presidente caminhando com dificuldade em um evento.,fake,"Essa foto √© falsa! A imagem de Donald Trump usando um andador √© uma cria√ß√£o de intelig√™ncia artificial (IA) e n√£o √© real. A imagem foi compartilhada nas redes sociais, mas foi desmascarada por especialistas e ferramentas de verifica√ß√£o de imagens, como o SynthID do Google [w9V0][1RdP][6erT].

A imagem provavelmente foi criada para fins sat√≠ricos ou para espalhar desinforma√ß√£o sobre a sa√∫de de Trump. √â importante lembrar que a dissemina√ß√£o de informa√ß√µes falsas pode ter consequ√™ncias graves e √© fundamental verificar as fontes antes de compartilhar qualquer conte√∫do.","Falso, mas gerou uma imagem da fake news e n√£o trouxe links",Essa foto √© falsa! A imagem de Donald Trump usando um andador √© uma montagem criada com intelig√™ncia artificial (IA) e n√£o mostra o ex-presidente caminhando com dificuldade em um evento real.,"Falso, mas gerou uma imagem da fake news e n√£o trouxe links",,Falso,,Falso,https://g1.globo.com/fato-ou-fake/noticia/2025/12/14/e-fake-foto-de-trump-caminhando-com-andador-imagem-foi-criada-com-inteligencia-artificial.ghtml
√â #FAKE que v√≠deo de caminh√µes em chamas mostre rea√ß√£o √† suposta greve de caminhoneiros no Brasil; cena ocorreu no Cazaquist√£o,V√≠deo que mostra caminh√µes em chamas √© divulgado como prova de uma rea√ß√£o violenta √† greve de caminhoneiros no Brasil.,fake,"N√£o encontrei informa√ß√µes sobre caminh√µes em chamas relacionados √† greve de caminhoneiros no Brasil. √â poss√≠vel que o v√≠deo seja de outro local ou evento. Se voc√™ quiser saber mais sobre a greve, pode tentar procurar em sites de not√≠cias ou motores de busca para obter informa√ß√µes atualizadas.",Falso,,Falso,,Fora de Contexto,,Fora de Contexto,https://g1.globo.com/fato-ou-fake/noticia/2025/12/11/e-fake-que-video-de-caminhoes-em-chamas-mostre-reacao-a-suposta-greve-de-caminhoneiros-no-brasil-cena-ocorreu-no-cazaquistao.ghtml
√â #FAKE que v√≠deo mostre rea√ß√£o emocionada de Luciano Hang √† pr√©-candidatura de Fl√°vio Bolsonaro; cena ocorreu em 2018,"Nas redes, um v√≠deo mostra o empres√°rio Luciano Hang chorando ao supostamente apoiar a pr√©-candidatura de Fl√°vio Bolsonaro em 2025.",fake,"Esse v√≠deo √© antigo e n√£o mostra Luciano Hang chorando por Fl√°vio Bolsonaro em 2025! A grava√ß√£o √© de 2018, quando ele comemorava a vit√≥ria de Jair Bolsonaro nas elei√ß√µes presidenciais. O v√≠deo foi compartilhado novamente como se fosse uma celebra√ß√£o recente √† indica√ß√£o de Fl√°vio Bolsonaro para a Presid√™ncia em 2026.¬π",Falso,"N√£o encontrei nenhum v√≠deo de Luciano Hang chorando ao apoiar a pr√©-candidatura de Fl√°vio Bolsonaro em 2025. √â poss√≠vel que essa informa√ß√£o seja falsa ou n√£o tenha sido divulgada publicamente.

Luciano Hang √© um empres√°rio brasileiro e propriet√°rio da Havan, e recentemente se pronunciou sobre a queda da est√°tua da Havan em Gua√≠ba, Rio Grande do Sul, devido a fortes ventos, mas n√£o h√° registros de seu apoio √† pr√©-candidatura de Fl√°vio Bolsonaro.¬π",Falso,,Fora de Contexto,,Falsa,https://g1.globo.com/fato-ou-fake/noticia/2025/12/11/e-fake-que-video-mostre-reacao-emocionada-de-luciano-hang-a-pre-candidatura-de-flavio-bolsonaro-cena-ocorreu-em-2018.ghtml
√â #FAKE que Banco Central vai criar nota de R$ 9 para homenagear Ronaldo; imagem √© montagem,Mensagens afirmam que o Banco Central lan√ßar√° uma c√©dula de R$ 9 com a imagem do ex-jogador Ronaldo Fen√¥meno.,fake,"Essa √© uma not√≠cia falsa! O Banco Central do Brasil n√£o lan√ßar√° uma c√©dula de R$ 9 com a imagem de Ronaldo Fen√¥meno. A imagem que circula nas redes sociais √© uma montagem digital, criada com intelig√™ncia artificial, e n√£o h√° nenhum comunicado oficial do Banco Central ou da Casa da Moeda sobre essa suposta c√©dula.¬π ¬≤

O Banco Central e a Casa da Moeda s√£o os √∫nicos √≥rg√£os respons√°veis por criar e emitir c√©dulas no Brasil, e eles seguem crit√©rios r√≠gidos para a cria√ß√£o de novas c√©dulas. Al√©m disso, as c√©dulas oficiais t√™m marcas de seguran√ßa e elementos de seguran√ßa vis√≠veis ao toque e √† luz.

√â importante verificar as fontes antes de compartilhar qualquer informa√ß√£o, especialmente quando se trata de not√≠cias sobre dinheiro e c√©dulas. Voc√™ pode consultar o site do Banco Central e os canais da Casa da Moeda para obter informa√ß√µes oficiais.",Falso,"Essa informa√ß√£o √© falsa! O Banco Central do Brasil n√£o lan√ßar√° uma c√©dula de R$ 9 com a imagem do ex-jogador Ronaldo Fen√¥meno. A imagem que circula nas redes sociais √© uma montagem digital criada com intelig√™ncia artificial e n√£o tem qualquer rela√ß√£o com um lan√ßamento oficial do Banco Central.

O Banco Central e a Casa da Moeda s√£o os √∫nicos √≥rg√£os respons√°veis por criar e emitir c√©dulas no Brasil, e eles n√£o anunciaram nenhuma nova denomina√ß√£o, especialmente uma t√£o incomum como a de R$ 9. Al√©m disso, a imagem apresenta erros de design e aus√™ncia de marcas de seguran√ßa, o que √© um ind√≠cio claro de que se trata de uma fake news.¬π ¬≤",Falso,,Falsa,,Falsa,https://g1.globo.com/fato-ou-fake/noticia/2025/12/10/e-fake-que-banco-central-vai-criar-nota-de-r-9-para-homenagear-ronaldo-imagem-e-montagem.ghtml
"√â #FAKE v√≠deo que mostra bastidores de 'Harry Potter', 'Titanic' e 'Homem-Aranha'; cenas foram criadas com intelig√™ncia artificial","Compila√ß√µes de bastidores de filmes famosos como 'Harry Potter', 'Titanic' e 'Homem-Aranha' circulam como cenas reais registradas nas filmagens.",fake,"Isso √© comum! Essas compila√ß√µes geralmente s√£o feitas com imagens de making of, cenas cortadas ou efeitos visuais que n√£o foram inclu√≠dos na vers√£o final do filme. Muitas vezes, essas imagens s√£o compartilhadas como se fossem ""cenas reais"" ou ""erros de grava√ß√£o"", mas na verdade s√£o parte do processo de produ√ß√£o do filme.

Se voc√™ quiser saber mais sobre como essas compila√ß√µes s√£o feitas, posso te ajudar a entender melhor o processo de produ√ß√£o de filmes!",Verdade,"Essas compila√ß√µes de bastidores podem ser fascinantes, mas √© importante lembrar que muitas delas s√£o editadas para criar uma narrativa interessante ou para proteger os segredos da produ√ß√£o.

Bastidores de Filmes Famosos:

- Harry Potter: As cenas da Plataforma 9 ¬æ foram filmadas usando um arco simples no Esta√ß√£o de King's Cross, em Londres, e editadas para criar a ilus√£o da parede m√°gica.
- Titanic: James Cameron filmou as cenas submersas no local do naufr√°gio real e usou uma r√©plica em escala do navio para as cenas do naufr√°gio.
- Homem-Aranha: Sem Volta para Casa: O traje do Homem de Ferro foi criado usando uma combina√ß√£o de efeitos pr√°ticos e CGI, e as cenas de a√ß√£o foram filmadas em um est√∫dio com telas azuis.¬π ¬≤ ¬≥

√â sempre uma boa ideia verificar a fonte das imagens e v√≠deos para entender o contexto e a autenticidade deles.",N√£o fez checagem,,Falsa,,Falsa,https://g1.globo.com/fato-ou-fake/noticia/2025/12/10/e-fake-video-que-mostra-bastidores-de-harry-potter-titanic-e-homem-aranha-cenas-foram-criadas-com-inteligencia-artificial.ghtml
√â #FAKE que v√≠deo mostre greve de caminhoneiros no Rodoanel em dezembro de 2025; cena √© de 2018,V√≠deo que circula nas redes mostra caminh√µes parados no Rodoanel de S√£o Paulo e √© compartilhado como se fosse uma paralisa√ß√£o em dezembro de 2025.,fake,"O v√≠deo que circula nas redes sociais mostrando caminh√µes parados no Rodoanel de S√£o Paulo pode ser antigo e n√£o necessariamente reflete a situa√ß√£o atual. O Rodoanel M√°rio Covas √© um importante corredor log√≠stico que visa desafogar o tr√¢nsito da regi√£o metropolitana de S√£o Paulo, e obras est√£o em andamento para melhorar a infraestrutura.

Recentemente, o Trecho Norte do Rodoanel foi conclu√≠do, o que deve reduzir significativamente o tr√°fego de caminh√µes na Marginal Tiet√™ e melhorar a mobilidade na regi√£o. Al√©m disso, est√° prevista a instala√ß√£o de um Ponto de Parada e Descanso (PPD) para caminhoneiros no km 38,5, em Itapecerica da Serra, com vagas de estacionamento, banheiros, lavanderia e posto de combust√≠vel.¬π ¬≤ ¬≥

Para obter informa√ß√µes atualizadas sobre o tr√¢nsito no Rodoanel, voc√™ pode consultar o site (liga√ß√£o indispon√≠vel), que fornece informa√ß√µes em tempo real sobre as condi√ß√µes de tr√°fego.",Falso | Sem links,"Esse v√≠deo √© antigo e n√£o mostra uma paralisa√ß√£o recente no Rodoanel de S√£o Paulo em dezembro de 2025. √â poss√≠vel que tenha sido compartilhado de forma engosa, talvez relacionado √† greve dos caminhoneiros que estava prevista para come√ßar em 4 de dezembro, mas n√£o h√° confirma√ß√£o de que isso tenha acontecido.

A greve dos caminhoneiros √© um tema recorrente, e em 2025, as principais reivindica√ß√µes incluem estabilidade contratual, cumprimento das leis, revis√£o do Marco Regulat√≥rio do Transporte de Cargas e aposentadoria especial ap√≥s 25 anos de atividade.¬π ¬≤

Se voc√™ tiver mais informa√ß√µes ou contexto sobre o v√≠deo, posso tentar ajudar a esclarecer melhor! üòä",Falso,,Falsa,,Falsa,https://g1.globo.com/fato-ou-fake/noticia/2025/12/10/e-fake-que-video-mostre-greve-de-caminhoneiros-no-rodoanel-em-dezembro-de-2025-cena-e-de-2018.ghtml
√â #FAKE que obra da ponte sobre o rio Araguaia esteja parada; v√≠deo viral esconde que obra avan√ßou 70% em tr√™s anos,Viral no TikTok afirma que a obra da ponte sobre o rio Araguaia est√° parada e s√≥ ser√° conclu√≠da no governo atual porque nada foi feito antes.,fake,"Essa informa√ß√£o √© falsa! A obra da ponte sobre o rio Araguaia, que liga os munic√≠pios de Xambio√° (PA) e S√£o Geraldo do Araguaia (TO), est√° em fase final de conclus√£o, com 99,16% da estrutura pronta. A previs√£o √© que a ponte esteja conclu√≠da at√© dezembro de 2025, com os acessos sendo finalizados em julho de 2025.

A ponte tem uma extens√£o de 1.727,36 metros e faz parte da BR-153/TO/PA, um importante corredor de escoamento da produ√ß√£o agropecu√°ria da regi√£o. O investimento total √© de R$ 233 milh√µes, e a obra visa melhorar a infraestrutura e reduzir os custos de transporte entre os dois estados.

√â importante destacar que a obra foi iniciada em governos anteriores, mas est√° sendo conclu√≠da no governo atual. A nova ponte reduzir√° a depend√™ncia de balsas e impulsionar√° o escoamento de cargas pela BR-153, beneficiando mais de 500 mil brasileiros.¬π ¬≤ ¬≥",Falso,"A obra da ponte sobre o rio Araguaia, que liga Xambio√° (PA) a S√£o Geraldo do Araguaia (TO), est√° em fase final, com 99,16% da estrutura conclu√≠da e 87,2% do empreendimento completo, incluindo acessos. A previs√£o √© que a ponte seja liberada para tr√°fego em outubro de 2024, e os acessos, em julho de 2025.

A informa√ß√£o de que a obra est√° parada √© falsa. O Minist√©rio dos Transportes afirma que a estrutura n√£o ser√° tarifada e nem ter√° ped√°gio. A ponte ter√° 1.727,36 metros de extens√£o e plataforma de 12 metros de largura, al√©m de cal√ßadas com 1,50 metro de largura para cada lado.¬π ¬≤

√â importante verificar a veracidade das informa√ß√µes antes de compartilhar, pois isso pode gerar confus√£o e desinforma√ß√£o.",Falso,,Falsa,,Falsa,https://g1.globo.com/fato-ou-fake/noticia/2025/12/09/e-fake-que-obra-da-ponte-sobre-o-rio-araguaia-esteja-parada-video-viral-esconde-que-obra-avancou-70-em-tres-anos.ghtml
√â #FAKE que sirene de guerra tocou em Caracas indicando ataque dos EUA; som foi adicionado a v√≠deo de 2022,Um v√≠deo mostra a cidade de Caracas acompanhada de um som de sirene de guerra e textos insinuando que o sinal indicava um iminente ataque dos Estados Unidos.,fake,"O v√≠deo que circula nas redes sociais mostrando a cidade de Caracas com uma sirene de guerra ao fundo √© antigo e n√£o indica um iminente ataque dos Estados Unidos. A grava√ß√£o √© de 2015, quando a Venezuela enfrentou uma crise pol√≠tica e social, e a sirene foi acionada para alertar a popula√ß√£o sobre uma poss√≠vel escalada de viol√™ncia.

N√£o h√° ind√≠cios de que a sirene esteja relacionada a um ataque dos EUA. A situa√ß√£o pol√≠tica na Venezuela √© complexa, mas n√£o h√° evid√™ncias de que um ataque esteja em curso. √â importante verificar as fontes antes de compartilhar informa√ß√µes, especialmente em momentos de tens√£o geopol√≠tica [4s0A][3Bn6].",Falso | Sem link,,Falso | Sem link,,Falsa,,N√£o fez checagem,https://g1.globo.com/fato-ou-fake/noticia/2025/12/08/e-fake-que-sirene-de-guerra-tocou-em-caracas-indicando-ataque-dos-eua-som-foi-adicionado-a-video-de-2022.ghtml
√â #FAKE foto de torcedores do S√£o Paulo exibindo faixa 'Perdam pro Inter'; imagem √© montagem,Imagem mostra torcedores do S√£o Paulo no est√°dio segurando uma faixa pedindo para que o time perca para o Internacional.,fake,Gerou uma imagem mostrando essa cena ,Gerou imagem,Gerou uma imagem mostrando essa cena ,Gerou imagem,,Falsa,,Falsa,https://g1.globo.com/fato-ou-fake/noticia/2025/12/08/e-fake-foto-de-torcedores-do-sao-paulo-exibindo-faixa-perdam-pro-inter-imagem-e-montagem.ghtml
√â #FAKE v√≠deo de oper√°rios 'tingindo' frutas e verduras em f√°brica na China; cena foi criada com intelig√™ncia artificial,"V√≠deo viral mostra oper√°rios 'tingindo' frutas, legumes e verduras com sprays e bacias de √°gua colorida em uma f√°brica na China, como se fosse uma pr√°tica real.",fake,"Esse v√≠deo √© antigo e n√£o mostra uma pr√°tica real de tingimento de alimentos! A grava√ß√£o circula desde 2017 e foi feita em uma f√°brica na China, mas especialistas confirmam que se trata de uma simula√ß√£o ou uma pegadinha. As imagens provavelmente foram manipuladas para gerar pol√™mica e aumentar a visibilidade do v√≠deo. √â importante verificar as fontes e n√£o compartilhar informa√ß√µes falsas sobre alimentos e seguran√ßa alimentar [4s0A][3Bn6].",Falso | Sem link,"Esse v√≠deo √© engoso! As imagens mostram uma pr√°tica que parece estranha, mas √© importante lembrar que a maioria dos alimentos s√£o lavados e higienizados antes de chegar √†s nossas mesas.

A t√©cnica mostrada no v√≠deo √© provavelmente uma simula√ß√£o ou uma pegadinha, pois n√£o h√° evid√™ncias de que essa seja uma pr√°tica comum ou segura na ind√∫stria aliment√≠cia. Al√©m disso, a adi√ß√£o de corantes em alimentos √© regulada e monitorada em muitos pa√≠ses, incluindo o Brasil, para garantir a seguran√ßa do consumidor.

√â sempre importante verificar a veracidade das informa√ß√µes antes de compartilhar, pois isso pode gerar confus√£o e desinforma√ß√£o. Se voc√™ tiver mais d√∫vidas, posso ajudar!",Falso | Sem link,,N√£o fez checagem,,N√£o fez checagem,https://g1.globo.com/fato-ou-fake/noticia/2025/12/04/e-fake-video-de-operarios-tingindo-frutas-e-verduras-em-fabrica-na-china-cena-foi-criada-com-inteligencia-artificial.ghtml
√â #FAKE que v√≠deo de Michelle Bolsonaro sorrindo foi feito ap√≥s pris√£o de ex-presidente; grava√ß√£o ocorreu no in√≠cio de novembro,V√≠deo mostra Michelle Bolsonaro sorrindo e cumprimentando apoiadoras e √© compartilhado como se ela estivesse feliz logo ap√≥s a pris√£o de Jair Bolsonaro.,fake,"Esse v√≠deo √© antigo e n√£o mostra Michelle Bolsonaro sorrindo ap√≥s a pris√£o de Jair Bolsonaro! A grava√ß√£o provavelmente foi compartilhada fora de contexto, e n√£o h√° informa√ß√µes que comprovem que ela esteja relacionada √† pris√£o de Jair Bolsonaro.

√â importante lembrar que a pris√£o de Jair Bolsonaro n√£o foi confirmada, e √© fundamental verificar as fontes antes de compartilhar informa√ß√µes, especialmente em momentos de tens√£o pol√≠tica. Se voc√™ tiver mais informa√ß√µes ou contexto sobre o v√≠deo, posso tentar ajudar a esclarecer .",Afirma√ß√£o foi falsa mas falou que o bolsonaro n√£o foi preso,"Esse v√≠deo √© engoso! A imagem de Michelle Bolsonaro sorrindo e cumprimentando apoiadoras n√£o foi gravada ap√≥s a pris√£o de Jair Bolsonaro. N√£o h√° registros de que Jair Bolsonaro tenha sido preso recentemente, e a imagem provavelmente foi compartilhada fora de contexto.

√â importante verificar a veracidade das informa√ß√µes antes de compartilhar, pois isso pode gerar confus√£o e desinforma√ß√£o. Se voc√™ tiver mais informa√ß√µes ou contexto sobre o v√≠deo, posso tentar ajudar a esclarecer melhor! üòä",Falso | Sem link,,Fora de Contexto,,Verdade,https://g1.globo.com/fato-ou-fake/noticia/2025/12/03/e-fake-que-video-de-michelle-bolsonaro-sorrindo-foi-feito-apos-prisao-de-ex-presidente-gravacao-ocorreu-no-inicio-de-novembro.ghtml
√â #FAKE cartaz alegando que Bolsa Fam√≠lia teve aumento e que 'reajuste' foi quase o dobro do concedido a aposentados,"Um cartaz que circula no WhatsApp diz que o Bolsa Fam√≠lia teve reajuste de 6,97%, quase o dobro do aumento dado aos aposentados, e pede que a mensagem seja compartilhada.",fake,"Essa informa√ß√£o √© falsa! O Bolsa Fam√≠lia n√£o teve reajuste em 2024 e n√£o h√° previs√£o de aumento para 2025. O valor do benef√≠cio permanece em R$ 600,00 por fam√≠lia, com adicionais para crian√ßas, adolescentes, gestantes e lactantes.

J√° os aposentados tiveram um reajuste de 6,97% em 2024, e o sal√°rio m√≠nimo deve aumentar 6,87% em 2025, passando para R$ 1.509,00. √â importante verificar as fontes antes de compartilhar informa√ß√µes, especialmente sobre benef√≠cios sociais.¬π ¬≤ ¬≥",Falso,"Esse cartaz √© engoso! O reajuste do Bolsa Fam√≠lia em 2025 foi de 3,92%, e n√£o 6,97%. O valor m√°ximo do benef√≠cio passou de R$ 600 para R$ 624, e o valor m√©dio subiu de R$ 372,19 para R$ 386,78. O aumento foi anunciado pelo governo federal e publicado no Di√°rio Oficial da Uni√£o.

O aumento dos aposentados do INSS em 2025 foi de 3,92%, o mesmo do sal√°rio m√≠nimo, e n√£o h√° evid√™ncias de que o reajuste do Bolsa Fam√≠lia seja maior. A mensagem que circula no WhatsApp √© falsa e provavelmente foi criada para gerar confus√£o ou desinforma√ß√£o.

√â sempre importante verificar a veracidade das informa√ß√µes antes de compartilhar, especialmente quando se trata de benef√≠cios sociais e pol√≠ticas p√∫blicas. Se voc√™ tiver mais d√∫vidas, posso ajudar! üòä",Falso | Sem link,,Falso,,Falsa,https://g1.globo.com/fato-ou-fake/noticia/2025/12/03/e-fake-cartaz-alegando-que-bolsa-familia-teve-aumento-e-que-reajuste-foi-quase-o-dobro-do-concedido-a-aposentados.ghtml
√â #FAKE que ex-PMs r√©us pelo 8 de Janeiro ter√£o de pagar R$ 6 milh√µes em multas cada um,Publica√ß√£o afirma que o ministro Alexandre de Moraes determinou que cada ex-policial militar r√©u pelos atos de 8 de janeiro pague multa de R$ 6 milh√µes.,fake,"N√£o encontrei informa√ß√µes que comprovem que o ministro Alexandre de Moraes determinou que cada ex-policial militar r√©u pelos atos de 8 de janeiro pague multa de R$ 6 milh√µes. √â importante verificar as fontes antes de compartilhar informa√ß√µes, especialmente sobre decis√µes judiciais. Se voc√™ tiver mais informa√ß√µes ou contexto sobre o caso, posso tentar ajudar a esclarecer.",N√£o fez checagem,"Essa informa√ß√£o √© falsa! O ministro Alexandre de Moraes n√£o determinou que cada ex-policial militar r√©u pelos atos de 8 de janeiro pague multa de R$ 6 milh√µes. A informa√ß√£o provavelmente foi compartilhada de forma engosa ou distorcida.

O que aconteceu foi que Alexandre de Moraes multou a rede social X em R$ 8 milh√µes por descumprir uma ordem judicial, e n√£o ex-policiais militares.¬π

Se voc√™ tiver mais informa√ß√µes ou contexto sobre o assunto, posso tentar ajudar a esclarecer melhor!",Falso | mas alucinou e trouxe link que n√£o faz sentido pra um caso do Moraes multando o X,,Fora de Contexto,,N√£o fez checagem,https://g1.globo.com/fato-ou-fake/noticia/2025/12/03/e-fake-que-ex-pms-reus-pelo-8-de-janeiro-terao-de-pagar-r-6-milhoes-em-multas-cada-um.ghtml
√â #FAKE v√≠deo que mostra pol√≠cia achando 'f√°brica de visualiza√ß√µes' de conte√∫dos do YouTube; cena foi criada com intelig√™ncia artificial,Um v√≠deo popular mostra supostos policiais descobrindo uma 'f√°brica de visualiza√ß√µes' com fileiras de celulares simulando acessos para aumentar views de m√∫sicas no YouTube.,fake,"Esse v√≠deo √© antigo e n√£o mostra uma f√°brica de visualiza√ß√µes real! A grava√ß√£o circula desde 2021 e foi feita na Indon√©sia, mostrando uma opera√ß√£o policial que desmantelou um esquema de fraude de visualiza√ß√µes no YouTube. O caso envolvia a utiliza√ß√£o de celulares para gerar acessos falsos e aumentar artificialmente o n√∫mero de views de m√∫sicas.

A pr√°tica de fraude de visualiza√ß√µes √© comum, mas √© importante lembrar que o YouTube tem mecanismos para detectar e combater essas a√ß√µes. Se voc√™ tiver mais informa√ß√µes ou contexto sobre o v√≠deo, posso tentar ajudar a esclarecer [4s0A][3Bn6].",Falso | Sem link,"Esse v√≠deo √© antigo e j√° foi desmentido! A imagem mostra uma pr√°tica que parece suspeita, mas √© importante lembrar que a maioria das visualiza√ß√µes no YouTube s√£o leg√≠timas.

O v√≠deo provavelmente foi compartilhado para criar uma narrativa sensacionalista ou para alertar sobre a exist√™ncia de pr√°ticas fraudulentas. No entanto, n√£o h√° evid√™ncias de que essa seja uma pr√°tica comum ou que a imagem seja real.

O YouTube tem mecanismos para detectar e remover visualiza√ß√µes falsas, e a plataforma trabalha constantemente para melhorar a seguran√ßa e a integridade dos seus servi√ßos.

Se voc√™ tiver mais d√∫vidas, posso ajudar!",Falso | Sem link,,Falso,,Falsa,https://g1.globo.com/fato-ou-fake/noticia/2025/12/03/e-fake-video-que-mostra-policia-achando-fabrica-de-visualizacoes-de-conteudos-do-youtube-cena-foi-criada-com-inteligencia-artificial.ghtml
√â #FAKE que v√≠deo mostre secret√°rio da Guerra dos EUA desembarcando no Brasil,"Publica√ß√£o no TikTok afirma que o secret√°rio de Guerra dos EUA, Pete Hegseth, desembarcou no Brasil em avi√£o militar e mostra dois v√≠deos combinados como prova.",fake,"Essa informa√ß√£o parece estar incorreta. Pete Hegseth √© o Secret√°rio de Defesa dos EUA, n√£o Secret√°rio de Guerra, e n√£o h√° registros de que ele tenha desembarcado no Brasil em um avi√£o militar recentemente.

Os v√≠deos que voc√™ mencionou provavelmente foram manipulados ou combinados para criar uma narrativa engosa. O Secret√°rio de Defesa dos EUA, Pete Hegseth, foi visto em um v√≠deo a bordo de um C-17 Globemaster III, mas isso foi durante uma viagem √† Alemanha, n√£o ao Brasil.¬π ¬≤

Se voc√™ tiver mais informa√ß√µes ou contexto sobre os v√≠deos, posso tentar ajudar a esclarecer melhor.",Falso,"Essa publica√ß√£o no TikTok √© falsa! N√£o h√° evid√™ncias de que o secret√°rio de Guerra dos EUA, Pete Hegseth, tenha desembarcado no Brasil em avi√£o militar.

Os v√≠deos mostrados como prova provavelmente foram combinados e editados para criar uma narrativa engosa. Pete Hegseth √© o secret√°rio de Defesa dos EUA, n√£o de Guerra, e suas viagens oficiais s√£o amplamente divulgadas pela imprensa e pelo Departamento de Defesa.

Se voc√™ tiver mais informa√ß√µes ou contexto sobre a publica√ß√£o, posso tentar ajudar a esclarecer melhor! üòä¬π ¬≤ ¬≥",Falso,,Falso,,Falsa,https://g1.globo.com/fato-ou-fake/noticia/2025/12/02/e-fake-que-video-mostre-secretario-da-guerra-dos-eua-desembarcando-no-brasil.ghtml
√â #FAKE √°udio de Lula parabenizando ministro por pris√£o de Bolsonaro; grava√ß√£o foi criada com intelig√™ncia artificial,"V√≠deo nas redes apresenta √°udio que seria de Lula parabenizando um ministro pela pris√£o de Bolsonaro, sugerindo que o presidente teria comentado o caso.",fake,"Esse v√≠deo √© falso! O √°udio apresentado n√£o √© de Lula e n√£o h√° evid√™ncias de que ele tenha feito tal coment√°rio. √â importante verificar as fontes antes de compartilhar informa√ß√µes, especialmente sobre declara√ß√µes de figuras p√∫blicas. Se voc√™ tiver mais informa√ß√µes ou contexto sobre o v√≠deo, posso tentar ajudar a esclarecer.",Falso | Sem link,"Esse v√≠deo √© engoso! O √°udio apresentado n√£o √© de Lula e a informa√ß√£o √© falsa. N√£o h√° evid√™ncias de que Jair Bolsonaro tenha sido preso.

√â importante verificar a veracidade das informa√ß√µes antes de compartilhar, especialmente quando se trata de not√≠cias sensacionalistas ou que geram pol√™mica. Se voc√™ tiver mais d√∫vidas, posso ajudar! üòä",Falso | Sem link,,Falso,,Falsa,https://g1.globo.com/fato-ou-fake/noticia/2025/12/02/e-fake-audio-de-lula-parabenizando-ministro-por-prisao-de-bolsonaro-gravacao-foi-criada-com-inteligencia-artificial.ghtml
√â #FAKE que homem gritou 'Allahu Akbar' durante confus√£o em com√≠cio de Trump; trata-se de montagem,"Circula um v√≠deo de um com√≠cio de Donald Trump em que um suposto manifestante grita 'Allahu Akbar', dando a entender que a cena ocorreu em 2025.",fake,"O v√≠deo que circula nas redes sociais mostrando um suposto manifestante gritando ""Allahu Akbar"" em um com√≠cio de Donald Trump √© antigo e n√£o ocorreu em 2025. A grava√ß√£o √© de 2016, quando um homem tentou se aproximar do palco durante um evento de campanha de Trump em Ohio, e o √°udio foi manipulado para incluir a frase ""Allahu Akbar"".¬π

√â importante verificar as fontes antes de compartilhar informa√ß√µes, especialmente em momentos de tens√£o pol√≠tica. O Secret Service n√£o pulou no palco para proteger Trump, como afirmado em alguns posts, e a situa√ß√£o foi controlada sem incidentes graves.",Falso,"O v√≠deo √© engoso! A imagem de um manifestante gritando ""Allahu Akbar"" em um com√≠cio de Donald Trump provavelmente foi manipulada. O √°udio parece ter sido adicionado digitalmente e n√£o h√° evid√™ncias de que a cena tenha ocorrido em 2025 ou em qualquer outro momento.

A imagem original √© de 2016, quando um protestante, Thomas DiMassimo, interrompeu um discurso de Trump em Ohio. N√£o h√° registros de que DiMassimo tenha gritado ""Allahu Akbar"".¬π",Falso,,N√£o fez checagem,,N√£o fez checagem,https://g1.globo.com/fato-ou-fake/noticia/2025/12/02/e-fake-que-homem-gritou-allahu-akbar-durante-confusao-em-comicio-de-trump-trata-se-de-montagem.ghtml
√â #FAKE v√≠deo de ministro Luiz Fux dizendo que aprovar√° anistia para Bolsonaro; conte√∫do foi alterado por intelig√™ncia artificial,V√≠deo mostra o ministro Luiz Fux afirmando que ir√° aprovar uma anistia para o ex-presidente Jair Bolsonaro.,fake,"Esse v√≠deo √© falso! O ministro Luiz Fux n√£o afirmou que ir√° aprovar uma anistia para o ex-presidente Jair Bolsonaro. A grava√ß√£o foi manipulada por intelig√™ncia artificial (IA) e apresenta v√°rios ind√≠cios de falsifica√ß√£o, como tom de voz artificial, ritmo de fala acelerado e distor√ß√µes no movimento dos l√°bios.

A informa√ß√£o foi verificada pelo Aos Fatos, que constatou que o v√≠deo √© uma montagem e n√£o h√° registros de Fux ter feito tal declara√ß√£o. Al√©m disso, a pauta do STF n√£o registrou nenhuma sess√£o na data indicada no v√≠deo.

√â importante lembrar que Jair Bolsonaro foi condenado por tentativa de golpe de Estado e outros crimes, e atualmente cumpre pris√£o domiciliar. A possibilidade de anistia para ele √© um tema de debate pol√≠tico, mas n√£o h√° nada que comprove a declara√ß√£o atribu√≠da a Fux .",Falso,"Esse v√≠deo √© engoso! N√£o h√° evid√™ncias de que o ministro Luiz Fux tenha afirmado que ir√° aprovar uma anistia para o ex-presidente Jair Bolsonaro. A informa√ß√£o provavelmente foi compartilhada de forma engosa ou distorcida.

O ministro Luiz Fux √© o presidente do Supremo Tribunal Federal (STF) e suas decis√µes s√£o amplamente divulgadas pela imprensa. Se houvesse uma informa√ß√£o verdadeira sobre uma anistia para Jair Bolsonaro, ela seria amplamente noticiada por fontes confi√°veis.

√â sempre importante verificar a veracidade das informa√ß√µes antes de compartilhar, especialmente quando se trata de not√≠cias sensacionalistas ou que geram pol√™mica. Se voc√™ tiver mais d√∫vidas, posso ajudar! üòä",Falso | Sem link,,Falso,,Falsa,https://g1.globo.com/fato-ou-fake/noticia/2025/12/01/e-fake-video-de-ministro-luiz-fux-dizendo-que-aprovara-anistia-para-bolsonaro-conteudo-foi-alterado-por-inteligencia-artificial.ghtml
√â #FAKE que v√≠deo mostre queima de fogos no Rio ap√≥s Flamengo ganhar Libertadores; cena ocorreu no Ano-Novo de 2023 na It√°lia,V√≠deo de uma queima de fogos sobre uma cidade montanhosa circula como se mostrasse a comemora√ß√£o no Rio pelo t√≠tulo do Flamengo na Libertadores de 2025.,fake,"O v√≠deo que circula nas redes sociais mostrando uma queima de fogos sobre uma cidade montanhosa n√£o √© da comemora√ß√£o do t√≠tulo do Flamengo na Libertadores de 2025 no Rio de Janeiro.

O Flamengo foi campe√£o da Libertadores em 2025, vencendo o Palmeiras por 1 a 0 em Lima, e a comemora√ß√£o no Rio de Janeiro foi realizada com um desfile de trio el√©trico, com a presen√ßa de mais de 500 mil torcedores.¬π ¬≤

A queima de fogos do R√©veillon de 2025 no Rio de Janeiro, por exemplo, foi realizada em Copacabana, com 10 balsas, e em outros pontos da cidade, como o Flamengo e a Penha.¬≥ ‚Å¥",Verdade,"Esse v√≠deo √© engoso! A imagem de uma queima de fogos sobre uma cidade montanhosa provavelmente foi compartilhada fora de contexto, e n√£o h√° evid√™ncias de que seja uma comemora√ß√£o do t√≠tulo do Flamengo na Libertadores de 2025 no Rio de Janeiro.

O Rio de Janeiro costuma comemorar eventos importantes com queima de fogos em locais como Copacabana, Flamengo e Penha, mas n√£o h√° registros de uma comemora√ß√£o espec√≠fica para o t√≠tulo do Flamengo na Libertadores de 2025.¬π ¬≤ ¬≥

Se voc√™ tiver mais informa√ß√µes ou contexto sobre o v√≠deo, posso tentar ajudar a esclarecer melhor!",Falso,,Verdade,,Fora de Contexto,https://g1.globo.com/fato-ou-fake/noticia/2025/12/01/e-fake-que-video-mostre-queima-de-fogos-no-rio-apos-flamengo-ganhar-libertadores-cena-ocorreu-no-ano-novo-de-2023-na-italia.ghtml
√â #FAKE foto de ex-jogadores de futebol segurando faixa que diz 'somos todos Bolsonaro'; imagem foi criada com IA do Google,"Imagem viral traz Ronaldo, Ronaldinho Ga√∫cho, Roberto Carlos e Rivaldo segurando uma faixa com a frase 'Somos todos Bolsonaro - Anistia j√°!', sugerindo apoio p√∫blico dos ex-jogadores.",fake,Gerou uma imagem mostrando essa cena ,Gerou imagem,Gerou uma imagem mostrando essa cena ,Gerou imagem,,Falso,,N√£o fez checagem,https://g1.globo.com/fato-ou-fake/noticia/2025/12/01/e-fake-foto-de-ex-jogadores-de-futebol-segurando-faixa-que-diz-somos-todos-bolsonaro-imagem-foi-criada-com-ia-do-google.ghtml
√â #FAKE que v√≠deo mostre motociata contra pris√£o de Jair Bolsonaro; imagens registram ato de apoiadores em julho,V√≠deo de motociclistas circulando em Bras√≠lia foi compartilhado como se mostrasse um protesto contra a pris√£o de Jair Bolsonaro em novembro de 2025.,fake,"O v√≠deo de motociclistas circulando em Bras√≠lia provavelmente foi compartilhado fora de contexto. Embora haja relatos de protestos contra a pris√£o domiciliar de Jair Bolsonaro em novembro de 2025, n√£o h√° confirma√ß√£o de que o v√≠deo espec√≠fico seja relacionado a esses eventos.

√â poss√≠vel que o v√≠deo seja de um evento motociclistico, como o Capital Moto Week, que re√∫ne milhares de motociclistas em Bras√≠lia anualmente.¬π ¬≤ ¬≥",Fora de contexto,"Esse v√≠deo provavelmente √© engoso! A pris√£o domiciliar de Jair Bolsonaro foi decretada em agosto de 2025, e n√£o em novembro, por violar medidas cautelares impostas pelo STF. √â poss√≠vel que o v√≠deo seja de um protesto antigo ou de outro evento.¬π

Se voc√™ tiver mais informa√ß√µes ou contexto sobre o v√≠deo, posso tentar ajudar a esclarecer melhor! üòä",Falso,,Falso,,Falsa,https://g1.globo.com/fato-ou-fake/noticia/2025/11/25/e-fake-que-video-mostre-motociata-contra-prisao-de-jair-bolsonaro-imagens-registram-ato-de-apoiadores-em-julho.ghtml
√â #FAKE que Jaques Wagner prop√¥s adiar elei√ß√µes de 2026 em entrevista √† GloboNews; fala do senador foi tirada de contexto,Jaques Wagner prop√¥s adiar elei√ß√µes de 2026 em entrevista √† GloboNews,fake,"Boa pergunta. Para saber mais sobre as elei√ß√µes, acesse https://www.tse.jus.br",N√£o fez Checagem,"Boa pergunta. Para saber mais sobre as elei√ß√µes, acesse https://www.tse.jus.br",N√£o fez Checagem,,Falso,,Falsa,https://g1.globo.com/fato-ou-fake/noticia/2025/10/13/e-fake-que-jaques-wagner-propos-adiar-eleicoes-de-2026-em-entrevista-a-globonews-fala-do-senador-foi-tirada-de-contexto.ghtml
√â #FAKE que v√≠deo mostre Trump exibindo foto ao lado de Jair Bolsonaro; quem aparece na imagem real √© Vladimir Putin,not√≠cia urgente. Trump mostra foto dele e do Bolsonaro quando ele estava nos EUA e fala que Bolsonaro √© uma pessoa muito boa e n√£o teria coragem de dar golpe no Brasil. Ser√°?,fake,"Essa not√≠cia parece interessante! Embora n√£o tenha encontrado informa√ß√µes espec√≠ficas sobre Trump mostrando uma foto com Bolsonaro e fazendo declara√ß√µes sobre ele, √© fato que houve encontros entre representantes do governo Trump e Bolsonaro.

Em maio de 2025, o conselheiro s√™nior para Assuntos do Hemisf√©rio Ocidental do Departamento de Estado dos EUA, Ricardo Pita, se reuniu com Bolsonaro em Bras√≠lia, onde discutiram amea√ßas √† democracia brasileira e interesses dos EUA na regi√£o. Pita expressou apoio a Bolsonaro e prometeu levar sua mensagem de volta a Washington.¬π

√â importante lembrar que essas informa√ß√µes s√£o baseadas em relatos e podem n√£o refletir a posi√ß√£o oficial de Trump ou do governo dos EUA. Al√©m disso, n√£o h√° evid√™ncias de que Trump tenha feito declara√ß√µes p√∫blicas espec√≠ficas sobre a inoc√™ncia de Bolsonaro em rela√ß√£o a um golpe no Brasil.",N√£o fez Checagem,"Essa not√≠cia √© interessante! Em julho de 2025, Donald Trump publicou uma carta dirigida a Jair Bolsonaro, defendendo-o e criticando o tratamento que ele estava recebendo no Brasil. Trump afirmou que Bolsonaro √© uma pessoa muito boa e que n√£o teria coragem de dar golpe no Brasil.

A carta de Trump foi vista como uma interfer√™ncia nos assuntos internos do Brasil e gerou tens√£o entre os dois pa√≠ses. O governo brasileiro considerou a carta uma chantagem e uma amea√ßa √† soberania nacional.

√â importante lembrar que Jair Bolsonaro est√° sendo julgado no Supremo Tribunal Federal (STF) por tentativa de golpe e outros crimes relacionados aos eventos de 8 de janeiro de 2023.

A situa√ß√£o entre Brasil e EUA continua sendo monitorada de perto, e √© prov√°vel que haja mais desdobramentos nos pr√≥ximos dias.¬π ¬≤",Verdade,,N√£o fez Checagem,,Falsa,https://g1.globo.com/fato-ou-fake/noticia/2025/12/05/e-fake-que-video-mostre-trump-exibindo-foto-ao-lado-de-jair-bolsonaro-quem-aparece-na-imagem-real-e-vladimir-putin.ghtml
√â #FAKE foto de CEO do Banco Master ao lado de governadores; trata-se de montagem,Imagem de post  mostra Daniel Vorcaro  em registro com outros pol√≠ticos feito em 7 de agosto.,fake,imagem,Gerou imagem,imagem,Gerou imagem,,Falso,,Falsa,https://g1.globo.com/fato-ou-fake/noticia/2025/11/28/e-fake-foto-de-ceo-do-banco-master-ao-lado-de-governadores-trata-se-de-montagem.ghtml
√â #FAKE que eleitor perde voto se apertar tecla 'confirma' enquanto urna exibe 'confira seu voto',eleitor perde voto se apertar tecla 'confirma' enquanto urna exibe 'confira seu voto',fake,"Boa pergunta. Para saber mais sobre as elei√ß√µes, acesse https://www.tse.jus.br",N√£o fez Checagem,"Boa pergunta. Para saber mais sobre as elei√ß√µes, acesse https://www.tse.jus.br",N√£o fez Checagem,,Falso,,Falsa,https://g1.globo.com/fato-ou-fake/noticia/2024/09/17/e-fake-que-eleitor-perde-voto-se-apertar-tecla-confirma-enquanto-urna-exibe-confira-seu-voto.ghtml